antibody,T_agg (°C),T_m (°C),T_m_onset (°C)
temp,-0.1793025381466649,-0.33821074970112114,-5.035123502163545
